{
    "degree": 4,
    "coefficients": [
        0.0525050593192322,
        0.022661621848578065,
        0.132734119221807,
        0.005516791828984838,
        -6.246633544858106e-05,
        0.040965580112540353,
        -0.002948786521081691,
        4.377475989431525e-05,
        -1.825116838659892e-07,
        -0.00628777461644892,
        0.0003717556924429965,
        -6.947996705417397e-06,
        5.131210676227239e-08,
        -1.2526608569873865e-10
    ],
    "intercept": 5.146036647203765,
    "feature_names": [
        "x0",
        "x1",
        "x0^2",
        "x0 x1",
        "x1^2",
        "x0^3",
        "x0^2 x1",
        "x0 x1^2",
        "x1^3",
        "x0^4",
        "x0^3 x1",
        "x0^2 x1^2",
        "x0 x1^3",
        "x1^4"
    ]
}